<code_scheme name="Default" version="173">
  <Objective-C-extensions>
    <extensions>
      <pair source="cpp" header="hpp" fileNamingConvention="NONE" />
      <pair source="c" header="h" fileNamingConvention="NONE" />
      <pair source="cu" header="cuh" fileNamingConvention="NONE" />
    </extensions>
  </Objective-C-extensions>
  <codeStyleSettings language="ObjectiveC">
    <indentOptions>
      <option name="USE_TAB_CHARACTER" value="true" />
    </indentOptions>
  </codeStyleSettings>
</code_scheme>