<application>
  <component name="FeatureSuggesterSettings">
    <option name="workingDays">
      <list>
        <option value="1738721938281" />
        <option value="1739609216972" />
        <option value="1739682675388" />
        <option value="1739724902964" />
        <option value="1739860605211" />
        <option value="1739920902650" />
        <option value="1740036191406" />
        <option value="1740063933256" />
        <option value="1740271900688" />
        <option value="1740322802119" />
        <option value="1740447477508" />
        <option value="1740533672192" />
        <option value="1740702640081" />
        <option value="1741057883654" />
        <option value="1741100410782" />
        <option value="1741186861712" />
        <option value="1741284842330" />
        <option value="1741431018911" />
        <option value="1741446000365" />
        <option value="1742282827446" />
        <option value="1742311318308" />
        <option value="1742397189609" />
        <option value="1742483718074" />
        <option value="1742619778163" />
        <option value="1742712613922" />
        <option value="1742782686024" />
        <option value="1742832226286" />
        <option value="1742957475487" />
        <option value="1743001787024" />
        <option value="1743126580395" />
      </list>
    </option>
  </component>
</application>