<application>
  <component name="FileTypeManager" version="18">
    <extensionMap>
      <mapping pattern="empty" type="AUTO_DETECTED" />
      <mapping pattern="cub3d" type="AUTO_DETECTED" />
      <mapping pattern=".env.sample" type="PLAIN_TEXT" />
      <mapping pattern=".heredoc" type="PLAIN_TEXT" />
      <mapping pattern=".env.all_chatbot" type="PLAIN_TEXT" />
      <mapping ext="ber" type="PLAIN_TEXT" />
      <mapping ext="o" type="PLAIN_TEXT" />
    </extensionMap>
  </component>
</application>