<keymap version="1" name="macOS コピー" parent="Mac OS X 10.5+">
  <action id="ActivateTerminalToolWindow">
    <keyboard-shortcut first-keystroke="alt f12" />
    <keyboard-shortcut first-keystroke="ctrl semicolon" />
  </action>
  <action id="CPP.NewCppFile">
    <keyboard-shortcut first-keystroke="shift ctrl c" />
  </action>
  <action id="CPP.NewHeaderFile">
    <keyboard-shortcut first-keystroke="shift ctrl h" />
  </action>
  <action id="Console.History.Next">
    <keyboard-shortcut first-keystroke="ctrl minus" />
  </action>
  <action id="DatabaseView.OpenFamilyAction">
    <keyboard-shortcut first-keystroke="f4" />
  </action>
  <action id="EditSource">
    <keyboard-shortcut first-keystroke="f4" />
  </action>
  <action id="EditorBackSpace">
    <keyboard-shortcut first-keystroke="back_space" />
    <keyboard-shortcut first-keystroke="shift back_space" />
    <keyboard-shortcut first-keystroke="ctrl h" />
  </action>
  <action id="EditorCut">
    <keyboard-shortcut first-keystroke="meta x" />
    <keyboard-shortcut first-keystroke="shift delete" />
    <keyboard-shortcut first-keystroke="ctrl u" />
  </action>
  <action id="EditorDelete">
    <keyboard-shortcut first-keystroke="delete" />
    <keyboard-shortcut first-keystroke="ctrl d" />
  </action>
  <action id="EditorLineEnd">
    <keyboard-shortcut first-keystroke="end" />
    <keyboard-shortcut first-keystroke="ctrl e" />
  </action>
  <action id="EditorLineEndWithSelection">
    <keyboard-shortcut first-keystroke="shift end" />
    <keyboard-shortcut first-keystroke="shift meta right" />
    <keyboard-shortcut first-keystroke="ctrl meta e" />
  </action>
  <action id="EditorLineStart">
    <keyboard-shortcut first-keystroke="home" />
    <keyboard-shortcut first-keystroke="ctrl a" />
  </action>
  <action id="EditorTextStartWithSelection">
    <keyboard-shortcut first-keystroke="shift meta home" />
    <keyboard-shortcut first-keystroke="ctrl meta u" />
  </action>
  <action id="EditorToggleStickySelection">
    <keyboard-shortcut first-keystroke="ctrl v" />
  </action>
  <action id="ExternalSystem.OpenConfig">
    <keyboard-shortcut first-keystroke="f4" />
  </action>
  <action id="FileChooserList.LevelUp" />
  <action id="Jdbc.OpenEditor.Data">
    <keyboard-shortcut first-keystroke="f4" />
  </action>
  <action id="MoveLineDown">
    <keyboard-shortcut first-keystroke="shift alt down" />
    <keyboard-shortcut first-keystroke="ctrl meta n" />
  </action>
  <action id="MoveLineUp">
    <keyboard-shortcut first-keystroke="shift alt up" />
    <keyboard-shortcut first-keystroke="ctrl meta p" />
  </action>
  <action id="NavBar-navigate">
    <keyboard-shortcut first-keystroke="f4" />
  </action>
  <action id="NavBar-selectHome">
    <keyboard-shortcut first-keystroke="home" />
    <keyboard-shortcut first-keystroke="ctrl a" />
  </action>
  <action id="NextSplitter">
    <keyboard-shortcut first-keystroke="alt tab" />
    <keyboard-shortcut first-keystroke="ctrl meta close_bracket" />
  </action>
  <action id="NextTab">
    <keyboard-shortcut first-keystroke="shift meta close_bracket" />
  </action>
  <action id="PrevSplitter">
    <keyboard-shortcut first-keystroke="shift alt tab" />
    <keyboard-shortcut first-keystroke="ctrl meta open_bracket" />
  </action>
  <action id="PreviousTab">
    <keyboard-shortcut first-keystroke="shift meta open_bracket" />
  </action>
  <action id="ProjectViewEditSource">
    <keyboard-shortcut first-keystroke="f4" />
  </action>
  <action id="RemoteHostView.EditSource">
    <keyboard-shortcut first-keystroke="f4" />
  </action>
  <action id="ResizeToolWindowDown">
    <keyboard-shortcut first-keystroke="ctrl alt down" />
    <keyboard-shortcut first-keystroke="meta down" />
  </action>
  <action id="ResizeToolWindowLeft">
    <keyboard-shortcut first-keystroke="meta left" />
  </action>
  <action id="ResizeToolWindowRight">
    <keyboard-shortcut first-keystroke="meta right" />
  </action>
  <action id="ResizeToolWindowUp">
    <keyboard-shortcut first-keystroke="meta up" />
  </action>
  <action id="SearchEverywhere.NavigateToNextGroup">
    <keyboard-shortcut first-keystroke="page_down" />
  </action>
  <action id="SearchEverywhere.NavigateToPrevGroup">
    <keyboard-shortcut first-keystroke="page_up" />
  </action>
  <action id="ShowNavBar">
    <keyboard-shortcut first-keystroke="alt home" />
  </action>
  <action id="Sql.EditParameter">
    <keyboard-shortcut first-keystroke="f4" />
  </action>
  <action id="StoreDefaultLayout">
    <keyboard-shortcut first-keystroke="shift ctrl alt 0" />
  </action>
  <action id="StretchSplitToBottom">
    <keyboard-shortcut first-keystroke="meta down" />
  </action>
  <action id="StretchSplitToLeft">
    <keyboard-shortcut first-keystroke="meta left" />
  </action>
  <action id="StretchSplitToRight">
    <keyboard-shortcut first-keystroke="meta right" />
  </action>
  <action id="StretchSplitToTop">
    <keyboard-shortcut first-keystroke="meta up" />
  </action>
  <action id="Terminal.NextSplitter">
    <keyboard-shortcut first-keystroke="alt tab" />
    <keyboard-shortcut first-keystroke="meta close_bracket" />
  </action>
  <action id="Terminal.PrevSplitter">
    <keyboard-shortcut first-keystroke="shift alt tab" />
    <keyboard-shortcut first-keystroke="meta open_bracket" />
  </action>
  <action id="Terminal.SplitVertically">
    <keyboard-shortcut first-keystroke="meta d" />
  </action>
  <action id="ToggleDistractionFreeMode">
    <keyboard-shortcut first-keystroke="alt f" />
  </action>
  <action id="ToggleZenMode">
    <keyboard-shortcut first-keystroke="alt z" />
  </action>
</keymap>