<filetype binary="false" description="IDL" name="IDL">
  <highlighting>
    <options>
      <option name="LINE_COMMENT" value="//" />
      <option name="COMMENT_START" value="/*" />
      <option name="COMMENT_END" value="*/" />
      <option name="HEX_PREFIX" value="0x" />
      <option name="NUM_POSTFIXES" value="ldf" />
    </options>
    <keywords keywords="FALSE;Object;TRUE;any;attribute;boolean;case;char;const;context;default;define;double;endif;enum;exception;fixed;float;ifdef;ifndef;in;inout;interface;long;module;octet;oneway;out;raises;readonly;sequence;short;string;struct;switch;typedef;union;unsigned;void;wchar;wstring" ignore_case="false" />
  </highlighting>
</filetype>